<?xml version="1.0" encoding="utf-8"?>
<TextureAtlas imagePath="J.R.T..png">
	<!-- Created using the Spritesheet and XML generator -->
	<!-- https://uncertainprod.github.io/FNF-Spritesheet-XML-generator-Web -->
	<SubTexture name="ATTACK0000" x="1976" y="0" width="233" height="394" frameX="6" frameY="6" frameWidth="221" frameHeight="382"/>
	<SubTexture name="ATTACK0001" x="1440" y="1352" width="233" height="394" frameX="6" frameY="6" frameWidth="221" frameHeight="382"/>
	<SubTexture name="ATTACK0002" x="1976" y="394" width="233" height="394" frameX="6" frameY="6" frameWidth="221" frameHeight="382"/>
	<SubTexture name="ATTACK0003" x="1673" y="1352" width="233" height="394" frameX="6" frameY="6" frameWidth="221" frameHeight="382"/>
	<SubTexture name="ATTACK0004" x="1976" y="788" width="230" height="394" frameX="6" frameY="6" frameWidth="218" frameHeight="382"/>
	<SubTexture name="ATTACK0005" x="2427" y="0" width="219" height="394" frameX="6" frameY="6" frameWidth="207" frameHeight="382"/>
	<SubTexture name="ATTACK0006" x="2646" y="0" width="205" height="394" frameX="6" frameY="6" frameWidth="193" frameHeight="382"/>
	<SubTexture name="ATTACK0007" x="2646" y="1566" width="186" height="397" frameX="6" frameY="6" frameWidth="174" frameHeight="385"/>
	<SubTexture name="ATTACK0008" x="2851" y="1199" width="172" height="397" frameX="6" frameY="6" frameWidth="160" frameHeight="385"/>
	<SubTexture name="ATTACK0009" x="2646" y="394" width="201" height="397" frameX="6" frameY="6" frameWidth="189" frameHeight="385"/>
	<SubTexture name="ATTACK0010" x="2427" y="1186" width="210" height="393" frameX="6" frameY="6" frameWidth="198" frameHeight="381"/>
	<SubTexture name="ATTACK0011" x="2209" y="803" width="210" height="391" frameX="6" frameY="6" frameWidth="198" frameHeight="379"/>
	<SubTexture name="ATTACK0012" x="415" y="2116" width="208" height="390" frameX="6" frameY="6" frameWidth="196" frameHeight="378"/>
	<SubTexture name="DODGE0000" x="284" y="476" width="284" height="476" frameX="6" frameY="6" frameWidth="272" frameHeight="464"/>
	<SubTexture name="DODGE0001" x="852" y="0" width="284" height="476" frameX="6" frameY="6" frameWidth="272" frameHeight="464"/>
	<SubTexture name="DODGE0002" x="0" y="0" width="284" height="476" frameX="6" frameY="6" frameWidth="272" frameHeight="464"/>
	<SubTexture name="DODGE0003" x="568" y="0" width="284" height="476" frameX="6" frameY="6" frameWidth="272" frameHeight="464"/>
	<SubTexture name="DODGE0004" x="2209" y="1588" width="208" height="394" frameX="6" frameY="6" frameWidth="196" frameHeight="382"/>
	<SubTexture name="DODGE0005" x="2427" y="791" width="209" height="395" frameX="-55" frameY="-39" frameWidth="272" frameHeight="464"/>
	<SubTexture name="HEY!0000" x="2851" y="1596" width="172" height="394" frameX="6" frameY="6" frameWidth="160" frameHeight="382"/>
	<SubTexture name="HEY!0001" x="208" y="2116" width="207" height="394" frameX="6" frameY="6" frameWidth="195" frameHeight="382"/>
	<SubTexture name="HEY!0002" x="1459" y="0" width="269" height="394" frameX="6" frameY="6" frameWidth="257" frameHeight="382"/>
	<SubTexture name="HEY!0003" x="638" y="952" width="300" height="394" frameX="6" frameY="6" frameWidth="288" frameHeight="382"/>
	<SubTexture name="HEY!0004" x="1136" y="0" width="323" height="397" frameX="6" frameY="6" frameWidth="311" frameHeight="385"/>
	<SubTexture name="HEY!0005" x="0" y="952" width="319" height="400" frameX="6" frameY="6" frameWidth="307" frameHeight="388"/>
	<SubTexture name="HEY!0006" x="1136" y="397" width="321" height="399" frameX="6" frameY="6" frameWidth="309" frameHeight="387"/>
	<SubTexture name="HEY!0007" x="319" y="952" width="319" height="395" frameX="6" frameY="6" frameWidth="307" frameHeight="383"/>
	<SubTexture name="HIT0000" x="0" y="476" width="284" height="476" frameX="6" frameY="6" frameWidth="272" frameHeight="464"/>
	<SubTexture name="HIT0001" x="568" y="476" width="284" height="476" frameX="6" frameY="6" frameWidth="272" frameHeight="464"/>
	<SubTexture name="HIT0002" x="284" y="0" width="284" height="476" frameX="6" frameY="6" frameWidth="272" frameHeight="464"/>
	<SubTexture name="HIT0003" x="852" y="476" width="284" height="476" frameX="6" frameY="6" frameWidth="272" frameHeight="464"/>
	<SubTexture name="HIT0004" x="2427" y="1579" width="208" height="395" frameX="-55" frameY="-39" frameWidth="272" frameHeight="464"/>
	<SubTexture name="HIT0005" x="2209" y="1194" width="208" height="394" frameX="6" frameY="6" frameWidth="196" frameHeight="382"/>
	<SubTexture name="IDLE0000" x="0" y="2116" width="208" height="394" frameX="6" frameY="6" frameWidth="196" frameHeight="382"/>
	<SubTexture name="IDLE0001" x="2646" y="1181" width="202" height="385" frameX="6" frameY="6" frameWidth="190" frameHeight="373"/>
	<SubTexture name="IDLE0002" x="2646" y="791" width="204" height="390" frameX="6" frameY="6" frameWidth="192" frameHeight="378"/>
	<SubTexture name="IDLE0003" x="0" y="2116" width="208" height="394" frameX="6" frameY="6" frameWidth="196" frameHeight="382"/>
	<SubTexture name="IDLE0004" x="1976" y="1182" width="221" height="402" frameX="6" frameY="6" frameWidth="209" frameHeight="390"/>
	<SubTexture name="IDLE0005" x="2209" y="0" width="218" height="403" frameX="6" frameY="6" frameWidth="206" frameHeight="391"/>
	<SubTexture name="IDLE0006" x="2427" y="394" width="211" height="397" frameX="6" frameY="6" frameWidth="199" frameHeight="385"/>
	<SubTexture name="IDLE0007" x="0" y="2116" width="208" height="394" frameX="6" frameY="6" frameWidth="196" frameHeight="382"/>
	<SubTexture name="MISS0000" x="2851" y="1990" width="153" height="394" frameX="6" frameY="6" frameWidth="141" frameHeight="382"/>
	<SubTexture name="MISS0001" x="0" y="2510" width="153" height="394" frameX="6" frameY="6" frameWidth="141" frameHeight="382"/>
	<SubTexture name="MISS0002" x="153" y="2510" width="153" height="394" frameX="6" frameY="6" frameWidth="141" frameHeight="382"/>
	<SubTexture name="MISS0003" x="306" y="2510" width="153" height="394" frameX="6" frameY="6" frameWidth="141" frameHeight="382"/>
	<SubTexture name="NOTE DOWN0000" x="241" y="1746" width="241" height="363" frameX="6" frameY="6" frameWidth="229" frameHeight="351"/>
	<SubTexture name="NOTE DOWN0001" x="241" y="1746" width="241" height="363" frameX="6" frameY="6" frameWidth="229" frameHeight="351"/>
	<SubTexture name="NOTE DOWN0002" x="0" y="1746" width="241" height="370" frameX="6" frameY="6" frameWidth="229" frameHeight="358"/>
	<SubTexture name="NOTE DOWN0003" x="0" y="1746" width="241" height="370" frameX="6" frameY="6" frameWidth="229" frameHeight="358"/>
	<SubTexture name="NOTE LEFT0000" x="938" y="952" width="296" height="386" frameX="6" frameY="6" frameWidth="284" frameHeight="374"/>
	<SubTexture name="NOTE LEFT0001" x="938" y="952" width="296" height="386" frameX="6" frameY="6" frameWidth="284" frameHeight="374"/>
	<SubTexture name="NOTE LEFT0002" x="938" y="952" width="296" height="386" frameX="6" frameY="6" frameWidth="284" frameHeight="374"/>
	<SubTexture name="NOTE LEFT0003" x="938" y="952" width="296" height="386" frameX="6" frameY="6" frameWidth="284" frameHeight="374"/>
	<SubTexture name="NOTE RIGHT0000" x="2851" y="400" width="181" height="400" frameX="6" frameY="6" frameWidth="169" frameHeight="388"/>
	<SubTexture name="NOTE RIGHT0001" x="2646" y="1963" width="181" height="403" frameX="6" frameY="6" frameWidth="169" frameHeight="391"/>
	<SubTexture name="NOTE RIGHT0002" x="2851" y="800" width="181" height="399" frameX="6" frameY="6" frameWidth="169" frameHeight="387"/>
	<SubTexture name="NOTE RIGHT0003" x="2851" y="0" width="181" height="400" frameX="6" frameY="6" frameWidth="169" frameHeight="388"/>
	<SubTexture name="NOTE UP0000" x="2209" y="403" width="216" height="400" frameX="6" frameY="6" frameWidth="204" frameHeight="388"/>
	<SubTexture name="NOTE UP0001" x="2209" y="403" width="216" height="400" frameX="6" frameY="6" frameWidth="204" frameHeight="388"/>
	<SubTexture name="NOTE UP0002" x="2209" y="403" width="216" height="400" frameX="6" frameY="6" frameWidth="204" frameHeight="388"/>
	<SubTexture name="NOTE UP0003" x="2209" y="403" width="216" height="400" frameX="6" frameY="6" frameWidth="204" frameHeight="388"/>
	<SubTexture name="PRE-ATTACK0000" x="480" y="1352" width="240" height="394" frameX="6" frameY="6" frameWidth="228" frameHeight="382"/>
	<SubTexture name="PRE-ATTACK0001" x="1200" y="1352" width="240" height="394" frameX="6" frameY="6" frameWidth="228" frameHeight="382"/>
	<SubTexture name="PRE-ATTACK0002" x="240" y="1352" width="240" height="394" frameX="6" frameY="6" frameWidth="228" frameHeight="382"/>
	<SubTexture name="PRE-ATTACK0003" x="720" y="1352" width="240" height="394" frameX="6" frameY="6" frameWidth="228" frameHeight="382"/>
	<SubTexture name="PRE-ATTACK0004" x="0" y="1352" width="240" height="394" frameX="6" frameY="6" frameWidth="228" frameHeight="382"/>
	<SubTexture name="PRE-ATTACK0005" x="1459" y="394" width="266" height="394" frameX="6" frameY="6" frameWidth="254" frameHeight="382"/>
	<SubTexture name="PRE-ATTACK0006" x="1459" y="788" width="249" height="394" frameX="6" frameY="6" frameWidth="237" frameHeight="382"/>
	<SubTexture name="PRE-ATTACK0007" x="1728" y="788" width="243" height="394" frameX="6" frameY="6" frameWidth="231" frameHeight="382"/>
	<SubTexture name="PRE-ATTACK0008" x="1728" y="394" width="246" height="394" frameX="6" frameY="6" frameWidth="234" frameHeight="382"/>
	<SubTexture name="PRE-ATTACK0009" x="1728" y="0" width="248" height="394" frameX="6" frameY="6" frameWidth="236" frameHeight="382"/>
	<SubTexture name="PRE-ATTACK0010" x="960" y="1352" width="240" height="394" frameX="6" frameY="6" frameWidth="228" frameHeight="382"/>
	<SubTexture name="PRE-ATTACK0011" x="960" y="1352" width="240" height="394" frameX="6" frameY="6" frameWidth="228" frameHeight="382"/>
</TextureAtlas>